sku,name,brand,category,id,image_src
130690-410,AJ12 Obsidian,AJ12,Men,,../static/images/130690-410.png
130690-617,AJ12 Bordeaux,AJ12,Men,,../static/images/130690-617.png
151186-006,PS AJ12 Playoff,PS,PS,,../static/images/151186-006.png
151186-015,PS AJ12 Stealth,PS,PS,,../static/images/151186-015.png
153265-006,AJ12 Playoff GS,AJ12,GS,,../static/images/153265-006.png
153265-170,AJ12 Taxi GS,AJ12,GS,,../static/images/153265-170.png
302370-121,AJ9 Kobe Bryant PE,AJ9,Men,,../static/images/302370-121.png
304292-043,SB Dunk Low Concord,Dunk SB,Men,,../static/images/304292-043.png
305050-661,SB Dunk Low Concepts Red Lobster,Dunk SB,Men,,../static/images/305050-661.png
305050-731,SB Dunk High Marge Simpson,Dunk SB,Men,,../static/images/305050-731.png
308497-060,AJ4 Bred,AJ4 Men,Men,,../static/images/308497-060.png
310805-408,AJ10 Tinker,AJ10,Men,,../static/images/310805-408.png
313170-811,SB Dunk Low Orange Box,Dunk SB,Men,,../static/images/313170-811.png
313171-039,SB Dunk High Silver Box,Dunk SB,Men,,../static/images/313171-039.png
378037-061,AJ11 Playoff Bred,AJ11,Men,,../static/images/378037-061.png
378038-003,AJ11 Space Jam GS,AJ11,GS,,../static/images/378038-003.png
378038-005,AJ11 Cool Grey GS,AJ11,GS,,../static/images/378038-005.png
378038-011,AJ11 Jubilee GS,AJ11,GS,,../static/images/378038-011.png
378038-061,AJ11 Playoff Bred GS,AJ11,GS,,../static/images/378038-061.png
378039-005,PS AJ11 Cool Grey,PS,PS,,../static/images/378039-005.png
384664-113,AJ6 Alternate Hare,AJ5-6 Men,Men,,../static/images/384664-113.png
384665-012,AJ6 Georgetown GS,AJ5-6 GS,GS,,../static/images/384665-012.png
384665-063,AJ6 Bordeaux GS,AJ5-6 GS,GS,,../static/images/384665-063.png
384665-410,AJ6 UNC GS,AJ5-6 GS,GS,,../static/images/384665-410.png
398614-030,AJ3 Pine Green GS,AJ2-3,GS,,../static/images/398614-030.png
398614-126,AJ3 Cardinal GS,AJ2-3,GS,,../static/images/398614-126.png
408452-016,AJ4 Red Thunder GS,AJ4 GS,GS,,../static/images/408452-016.png
408452-061,AJ4 Infrared GS,AJ4 GS,GS,,../static/images/408452-061.png
408452-111,AJ4 Military GS,AJ4 GS,GS,,../static/images/408452-111.png
408452-400,AJ4 UNC GS,AJ4 GS,GS,,../static/images/408452-400.png
408452-700,AJ4 Lightning GS,AJ4 GS,GS,,../static/images/408452-700.png
414571-144,AJ13 Obsidian Blue,AJ13,Men,,../static/images/414571-144.png
414571-167,AJ13 Del Sol,AJ13,Men,,../static/images/414571-167.png
440888-004,AJ5 Racer Blue GS,AJ5-6 GS,GS,,../static/images/440888-004.png
440888-300,AJ5 Jade Horizon GS,AJ5-6 GS,GS,,../static/images/440888-300.png
440889-004,PS AJ5 Racer Blue,PS,PS,,../static/images/440889-004.png
487471-701,AJ14 Light Ginger,AJ14,Men,,../static/images/487471-701.png
504750-061,SB Dunk Low Disposable,Dunk SB,Men,,../static/images/504750-061.png
504750-660,SB Dunk Low Rukus Crawfish,Dunk SB,Men,,../static/images/504750-660.png
505836-117,TD AJ11 Legend Blue,TD,TD,,../static/images/505836-117.png
528895-033,AJ11 Green Snakeskin,AJ11,Men,,../static/images/528895-033.png
553558-052,AJ1 Low Shadow Toe,AJ1 Low Men,Men,,../static/images/553558-052.png
553558-163,AJ1 Low Bulls,AJ1 Low Men,Men,,../static/images/553558-163.png
553558-612,AJ1 Low Bred Toe,AJ1 Low Men,Men,,../static/images/553558-612.png
553560-052,GS AJ1 Low Shadow Toe,AJ1 Low GS,GS,,../static/images/553560-052.png
553560-062,GS AJ1 Low Black Grey Pink,AJ1 Low GS,GS,,../static/images/553560-062.png
553560-606,GS AJ1 Low Reverse Bred,AJ1 Low GS,GS,,../static/images/553560-606.png
553560-612,GS AJ1 Low Bred Toe,AJ1 Low GS,GS,,../static/images/553560-612.png
554724-082,AJ1 Mid Linen,AJ1 Mid Men,Men,,../static/images/554724-082.png
554724-096,AJ1 Mid Shadow Red,AJ1 Mid Men,Men,,../static/images/554724-096.png
554724-371,AJ1 Mid Sonics,AJ1 Mid Men,Men,,../static/images/554724-371.png
554724-441,AJ1 Mid Navy,AJ1 Mid Men,Men,,../static/images/554724-441.png
554724-701,AJ1 Mid Taxi,AJ1 Mid Men,Men,,../static/images/554724-701.png
554725-016,GS AJ1 Mid Very Berry,AJ1 Mid GS,GS,,../static/images/554725-016.png
554725-069,GS AJ1 Mid Chicago Toe,AJ1 Mid GS,GS,,../static/images/554725-069.png
554725-074,GS AJ1 Mid Banned,AJ1 Mid GS,GS,,../static/images/554725-074.png
554725-075,GS AJ1 Mid Black Chile Red,AJ1 Mid GS,GS,,../static/images/554725-075.png
554725-096,GS AJ1 Mid Shadow Red,AJ1 Mid GS,GS,,../static/images/554725-096.png
554725-201,GS AJ1 Mid Curry Cardinal,AJ1 Mid GS,GS,,../static/images/554725-201.png
554725-411,GS AJ1 Mid Navy,AJ1 Mid GS,GS,,../static/images/554725-411.png
554725-665,GS AJ1 Mid Reverse Bred,AJ1 Mid GS,GS,,../static/images/554725-665.png
555088-013,AJ1 High Shadow 1.0,AJ1 High Men,Men,,../static/images/555088-013.png
555088-028,AJ1 High Shattered 3.0,AJ1 High Men,Men,,../static/images/555088-028.png
555088-030,AJ1 High Pine Green,AJ1 High Men,Men,,../static/images/555088-030.png
555088-032,AJ1 High Metallic Gold,AJ1 High Men,Men,,../static/images/555088-032.png
555088-035,AJ1 High Shadow 2.0,AJ1 High Men,Men,,../static/images/555088-035.png
555088-041,AJ1 High Royal Toe,AJ1 High Men,Men,,../static/images/555088-041.png
555088-061,AJ1 High Gym Red,AJ1 High Men,Men,,../static/images/555088-061.png
555088-062,AJ1 High Bloodline,AJ1 High Men,Men,,../static/images/555088-062.png
555088-063,AJ1 High Patent Bred,AJ1 High Men,Men,,../static/images/555088-063.png
555088-105,AJ1 High Dark Mocha,AJ1 High Men,Men,,../static/images/555088-105.png
555088-108,AJ1 High Bleached Coral,AJ1 High Men,Men,,../static/images/555088-108.png
555088-118,AJ1 High Volt,AJ1 High Men,Men,,../static/images/555088-118.png
555088-126,AJ1 High Light Smoke Grey,AJ1 High Men,Men,,../static/images/555088-126.png
555088-134,AJ1 High University Blue Black,AJ1 High Men,Men,,../static/images/555088-134.png
555088-140,AJ1 High Obsidian UNC,AJ1 High Men,Men,,../static/images/555088-140.png
555088-161,AJ1 High Heritage,AJ1 High Men,Men,,../static/images/555088-161.png
555088-180,AJ1 High Electro Orange,AJ1 High Men,Men,,../static/images/555088-180.png
555088-201,AJ1 High Tokyo Bio,AJ1 High Men,Men,,../static/images/555088-201.png
555088-311,AJ1 High Turbo Green,AJ1 High Men,Men,,../static/images/555088-311.png
555088-402,AJ1 High Hyper Royal,AJ1 High Men,Men,,../static/images/555088-402.png
555088-404,AJ1 High Marina Blue,AJ1 High Men,Men,,../static/images/555088-404.png
555088-603,AJ1 High Fusion Red,AJ1 High Men,Men,,../static/images/555088-603.png
555088-611,AJ1 High Bordeaux,AJ1 High Men,Men,,../static/images/555088-611.png
555088-701,AJ1 High Pollen,AJ1 High Men,Men,,../static/images/555088-701.png
555088-702,GS AJ1 High Brotherhood,AJ1 High GS,GS,,../static/images/555088-702.png
555088-706,AJ1 High Brotherhood,AJ1 High Men,Men,,../static/images/555088-706.png
575441-029,GS AJ1 High CO Japan,AJ1 High GS,GS,,../static/images/575441-029.png
575441-030,GS AJ1 High Pine Green,AJ1 High GS,GS,,../static/images/575441-030.png
575441-032,GS AJ1 High Metallic Gold,AJ1 High GS,GS,,../static/images/575441-032.png
575441-035,GS AJ1 High Shadow 2.0,AJ1 High GS,GS,,../static/images/575441-035.png
575441-037,GS AJ1 High Stealth,AJ1 High GS,GS,,../static/images/575441-037.png
575441-063,GS AJ1 High Patent Bred,AJ1 High GS,GS,,../static/images/575441-063.png
575441-108,GS AJ1 High Bleached Coral,AJ1 High GS,GS,,../static/images/575441-108.png
575441-126,GS AJ1 High Light Smoke Grey,AJ1 High GS,GS,,../static/images/575441-126.png
575441-134,GS AJ1 High UNC,AJ1 High GS,GS,,../static/images/575441-134.png
575441-201,GS AJ1 High Tokyo Bio,AJ1 High GS,GS,,../static/images/575441-201.png
575441-402,GS AJ1 High Hyper Royal,AJ1 High GS,GS,,../static/images/575441-402.png
575441-404,GS AJ1 High Marina Blue,AJ1 High GS,GS,,../static/images/575441-404.png
575441-611,GS AJ1 High Bordeaux,AJ1 High GS,GS,,../static/images/575441-611.png
575441-701,GS AJ1 High Pollen,AJ1 High GS,GS,,../static/images/575441-701.png
616752-016,SB Dunk High Send Help 2,Dunk SB,Men,,../static/images/616752-016.png
705178-045,AJ10 Lady of Liberty,AJ10,Men,,../static/images/705178-045.png
819171-417,AJ5 Knicks,AJ5-6 Men,Men,,../static/images/819171-417.png
861428-007,AJ1 High Patent Gold Toe,AJ1 High Men,Men,,../static/images/861428-007.png
883232-442,SB Dunk Low Murasaki Ride Life,Dunk SB,Men,,../static/images/883232-442.png
884129-015,AJ13 Count Purple GS,AJ13,GS,,../static/images/884129-015.png
918321-381,SB Dunk High Thomas Campbell,Dunk SB,Men,,../static/images/918321-381.png
AJ7730-001,SB Dunk High Bred,Dunk SB,Men,,../static/images/AJ7730-001.png
AQ2664-063,PS AJ1 Patent Bred,PS,PS,,../static/images/AQ2664-063.png
AQ2665-161,TD AJ1 Heritage,TD,TD,,../static/images/AQ2665-161.png
AQ3835-160,AJ3 Tinker Hatfield,AJ2-3,Men,,../static/images/AQ3835-160.png
AQ9129-500,AJ4 Canyon Purple W,AJ4 Men,Men,,../static/images/AQ9129-500.png
AR4491-025,AJ9 Black Gum,AJ9,Men,,../static/images/AR4491-025.png
AV4168-776,SB Dunk High Humidity (Special Box),Dunk SB,Men,,../static/images/AV4168-776.png
B37571,Yeezy 350 Blue Tint,Yeezy 350,Yeezy350,,../static/images/B37571.png
B75571,Yeezy 700 Wave Runner,Yeezy 500-700,Yeezy350,,../static/images/B75571.png
BB550HL1,NB550 UNC,Other,Men,,../static/images/BB550HL1.png
BQ6472-015,W AJ1 Mid Light Smoke Grey,AJ1 Mid/Low Women,Women,,../static/images/BQ6472-015.png
BQ6472-105,W AJ1 Mid Wolf Grey,AJ1 Mid/Low Women,Women,,../static/images/BQ6472-105.png
BQ6472-121,W AJ1 Mid Coconut,AJ1 Mid/Low Women,Women,,../static/images/BQ6472-121.png
BQ6817-007,SB Dunk Low J-Pack Shadow,Dunk SB,Men,,../static/images/BQ6817-007.png
BQ6817-202,SB Dunk Low Dark Russet Cedar,Dunk SB,Men,,../static/images/BQ6817-202.png
BQ6817-400,SB Dunk Low Blue Fury,Dunk SB,Men,,../static/images/BQ6817-400.png
BQ6817-700,SB Dunk Low Reverse Papa Bear,Dunk SB,Men,,../static/images/BQ6817-700.png
BQ6817-800,SB Dunk Low Laser Orange,Dunk SB,Men,,../static/images/BQ6817-800.png
BQ6931-402,GS AJ1 Mid Signal Blue,AJ1 Mid GS,GS,,../static/images/BQ6931-402.png
BQ6931-802,GS AJ1 Mid Turf Orange,AJ1 Mid GS,GS,,../static/images/BQ6931-802.png
BQ7669-016,PS AJ4 Red Thunder,PS,PS,,../static/images/BQ7669-016.png
BQ7670-016,TD AJ4 Red Thunder,TD,TD,,../static/images/BQ7670-016.png
BQ7670-111,TD AJ4 Military,TD,TD,,../static/images/BQ7670-111.png
BQ7670-700,TD AJ4 Lightning,TD,TD,,../static/images/BQ7670-700.png
BV1310-013,SB Dunk Low Staple Panda Pigeon,Dunk SB,Men,,../static/images/BV1310-013.png
BY1604,Yeezy 350 Core Black White,Yeezy 350,Yeezy350,,../static/images/BY1604.png
CD0461-002,W AJ1 High Seafoam,AJ1 High Women,Women,,../static/images/CD0461-002.png
CD0461-016,W AJ1 High Satin Toe,AJ1 High Women,Women,,../static/images/CD0461-016.png
CD0461-046,W AJ1 High NC to Chi,AJ1 High Women,Women,,../static/images/CD0461-046.png
CD0461-100,W AJ1 High Tie Dye,AJ1 High Women,Women,,../static/images/CD0461-100.png
CD0461-601,W AJ1 High Satin Snake,AJ1 High Women,Women,,../static/images/CD0461-601.png
CD2563-001,SB Dunk Low Orange Label,Dunk SB,Men,,../static/images/CD2563-001.png
CD2563-004,SB Dunk Low Infrared Orange Label,Dunk SB,Men,,../static/images/CD2563-004.png
CD4487-100,AJ1 High Travis Scott,Other,Men,,../static/images/CD4487-100.png
CD6578-006,AJ1 High SB NYC to Paris,AJ1 High Men,Men,,../static/images/CD6578-006.png
CI2692-400,SB Dunk High Doraemon,Dunk SB,Men,,../static/images/CI2692-400.png
CI2970-001,AJ4 Laser Gum GS,AJ4 GS,GS,,../static/images/CI2970-001.png
CK6631-307,AJ5 SE Oregon,AJ5-6 Men,Men,,../static/images/CK6631-307.png
CP9652,Yeezy 350 Black Red,Yeezy 350,Yeezy350,,../static/images/CP9652.png
CP9654,Yeezy 350 Zebra,Yeezy 350,Yeezy350,,../static/images/CP9654.png
CQ9541-704,AJ5 Michigan,AJ5-6 Men,Men,,../static/images/CQ9541-704.png
CT4838-004,AJ5 Racer Blue,AJ5-6 Men,Men,,../static/images/CT4838-004.png
CT4838-011,AJ5 Moonlight,AJ5-6 Men,Men,,../static/images/CT4838-011.png
CT4954-007,AJ6 DMP,AJ5-6 Men,Men,,../static/images/CT4954-007.png
CT5053-001,SB Dunk Low Travis Scott,Dunk SB,Men,,../static/images/CT5053-001.png
CT8012-005,AJ11 Cool Grey,AJ11,Men,,../static/images/CT8012-005.png
CT8012-011,AJ11 Jubilee 25th,AJ11,Men,,../static/images/CT8012-011.png
CT8013-006,AJ12 Playoff,AJ12,Men,,../static/images/CT8013-006.png
CT8013-015,AJ12 Stealth,AJ12,Men,,../static/images/CT8013-015.png
CT8013-106,AJ12 Twist,AJ12,Men,,../static/images/CT8013-106.png
CT8013-170,AJ12 Taxi,AJ12,Men,,../static/images/CT8013-170.png
CT8527-016,AJ4 Red Thunder,AJ4 Men,Men,,../static/images/CT8527-016.png
CT8527-400,AJ4 UNC,AJ4 Men,Men,,../static/images/CT8527-400.png
CT8527-700,AJ4 Lightning,AJ4 Men,Men,,../static/images/CT8527-700.png
CT8529-012,AJ6 Georgetown,AJ5-6 Men,Men,,../static/images/CT8529-012.png
CT8529-063,AJ6 Bordeaux,AJ5-6 Men,Men,,../static/images/CT8529-063.png
CT8529-106,AJ6 Carmine,AJ5-6 Men,Men,,../static/images/CT8529-106.png
CT8529-410,AJ6 UNC,AJ5-6 Men,Men,,../static/images/CT8529-410.png
CT8532-105,AJ3 Dark Iris,AJ2-3,Men,,../static/images/CT8532-105.png
CT8532-126,AJ3 Cardinal Red,AJ2-3,Men,,../static/images/CT8532-126.png
CU0449-641,TD AJ1 Atmosphere,TD,TD,,../static/images/CU0449-641.png
CU0450-061,TD AJ1 Varsity Red,TD,TD,,../static/images/CU0450-061.png
CU3244-100,SB Dunk Low Ben Jerry,Dunk SB,Men,,../static/images/CU3244-100.png
CV1628-800,SB Dunk Low Street Hawker,Dunk SB,Men,,../static/images/CV1628-800.png
CV1655-600,SB Dunk Low Pink Pig,Dunk SB,Men,,../static/images/CV1655-600.png
CV5276-001,W AJ1 Mid Multi Patent,AJ1 Mid/Low Women,Women,,../static/images/CV5276-001.png
CV5276-107,W AJ1 Mid Laser Orange,AJ1 Mid/Low Women,Women,,../static/images/CV5276-107.png
CW1588-100,PS Dunk Panda,PS,PS,,../static/images/CW1588-100.png
CW1589-100,TD Dunk Panda,TD,TD,,../static/images/CW1589-100.png
CW1590-001,Dunk Low GS Hyper Cobalt,Dunk low GS,GS,,../static/images/CW1590-001.png
CW1590-004,Dunk Low GS Georgetown,Dunk low GS,GS,,../static/images/CW1590-004.png
CW1590-100,Dunk Low GS Panda,Dunk low GS,GS,,../static/images/CW1590-100.png
CW2190-002,Kobe 6 Protro Mambacita Sweet 16,Other,Men,,../static/images/CW2190-002.png
CW2288-001,AF1 white,AF1,Men,,../static/images/CW2288-001.png
CZ1786-001,AJ5 Top 3,AJ5-6 Men,Men,,../static/images/CZ1786-001.png
CZ2239-600,SB Dunk Low What the Paul,Dunk SB,Men,,../static/images/CZ2239-600.png
CZ2496-001,Dunk Low GS Free 99 Black,Dunk low GS,GS,,../static/images/CZ2496-001.png
CZ5624-100,AJ4 PSG Pairs Saint,AJ4 Men,Men,,../static/images/CZ5624-100.png
CZ9747-900,Dunk low men Cummunite Garden,Dunk Low Men,Men,,../static/images/CZ9747-900.png
DA9626-100,SB Dunk High Orange Label Unbleached Natural,Dunk SB,Men,,../static/images/DA9626-100.png
DB0732-200,AJ4 Taupe Haze,AJ4 Men,Men,,../static/images/DB0732-200.png
DB2179-102,Dunk High Game Royal,Dunk High,GS,,../static/images/DB2179-102.png
DB2179-103,Dunk High Panda,Dunk High,GS,,../static/images/DB2179-103.png
DB2179-105,Dunk High Cargo Khaki,Dunk High,GS,,../static/images/DB2179-105.png
DB2179-400,Dunk High Obsidian,Dunk High,GS,,../static/images/DB2179-400.png
DB2908,Yeezy 500 Blush,Yeezy 500-700,Yeezy350,,../static/images/DB2908.png
DC0774-041,W AJ1 Low UNC,AJ1 Mid/Low Women,Women,,../static/images/DC0774-041.png
DC0774-114,W AJ1 Low Marina Blue,AJ1 Mid/Low Women,Women,,../static/images/DC0774-114.png
DC0774-604,W AJ1 Low Pomegranate,AJ1 Mid/Low Women,Women,,../static/images/DC0774-604.png
DC1060-100,AJ5 Shattered,AJ5-6 Men,Men,,../static/images/DC1060-100.png
DC1062-006,AJ12 Utility,AJ12,Men,,../static/images/DC1062-006.png
DC1788-029,AJ1 High CO Japan,AJ1 High Men,Men,,../static/images/DC1788-029.png
DC4102-100,TD AJ4 SE DIY,TD,TD,,../static/images/DC4102-100.png
DC7248-103,GS AJ1 Mid Green Smoke Grey,AJ1 Mid GS,GS,,../static/images/DC7248-103.png
DC7248-200,GS AJ1 Mid Dark Chocolate,AJ1 Mid GS,GS,,../static/images/DC7248-200.png
DC7248-600,GS AJ1 Mid Sweater Red,AJ1 Mid GS,GS,,../static/images/DC7248-600.png
DC7501-300,AJ5 Jade Horizon,AJ5-6 Men,Men,,../static/images/DC7501-300.png
DC9533-800,AJ4 Union Guava Ice,AJ4 Men,Men,,../static/images/DC9533-800.png
DC9560-001,Dunk Low GS 75th Spurs,Dunk low GS,GS,,../static/images/DC9560-001.png
DC9562-100,TD Dunk EMB,TD,TD,,../static/images/DC9562-100.png
DC9562-111,TD Dunk Gypsy Rose,TD,TD,,../static/images/DC9562-111.png
DC9564-100,PS Dunk EMB,PS,PS,,../static/images/DC9564-100.png
DC9564-111,PS Dunk Gypsy Rose,PS,PS,,../static/images/DC9564-111.png
DD0587-141,AJ5 Dark Concord,AJ5-6 Men,Men,,../static/images/DD0587-141.png
DD0587-600,AJ5 Raging Bull Red,AJ5-6 Men,Men,,../static/images/DD0587-600.png
DD1391-001,Dunk low men black hyper cobalt,Dunk Low Men,Men,,../static/images/DD1391-001.png
DD1391-002,Dunk low men Red UNLV,Dunk Low Men,Men,,../static/images/DD1391-002.png
DD1391-003,Dunk low men Georgetown,Dunk Low Men,Men,,../static/images/DD1391-003.png
DD1391-004,Dunk low men goldenrod,Dunk Low Men,Men,,../static/images/DD1391-004.png
DD1391-100,Dunk low men panda,Dunk Low Men,Men,,../static/images/DD1391-100.png
DD1391-101,Dunk low men Michigen,Dunk Low Men,Men,,../static/images/DD1391-101.png
DD1391-102,Dunk low men UNC,Dunk Low Men,Men,,../static/images/DD1391-102.png
DD1391-104,Dunk low men Court Purple,Dunk Low Men,Men,,../static/images/DD1391-104.png
DD1391-400,Dunk low men Valerian Blue,Dunk Low Men,Men,,../static/images/DD1391-400.png
DD1391-401,Dunk low men Racer Blue white,Dunk Low Men,Men,,../static/images/DD1391-401.png
DD1391-402,Dunk low men UCLA,Dunk Low Men,Men,,../static/images/DD1391-402.png
DD1391-600,Dunk Low men Championship Red,Dunk Low Men,Men,,../static/images/DD1391-600.png
DD1391-601,Dunk Low men Team Red,Dunk Low Men,Men,,../static/images/DD1391-601.png
DD1391-602,Dunk low men USC,Dunk Low Men,Men,,../static/images/DD1391-602.png
DD1391-700,Dunk low men Michigen,Dunk Low Men,Men,,../static/images/DD1391-700.png
DD1391-701,Dunk low men Midas Gold,Dunk Low Men,Men,,../static/images/DD1391-701.png
DD1399-100,Dunk High Vast Grey,Dunk High,Men,,../static/images/DD1399-100.png
DD1399-102,Dunk High Game Royal,Dunk High,Men,,../static/images/DD1399-102.png
DD1399-104,Dunk High Championship Navy,Dunk High,Men,,../static/images/DD1399-104.png
DD1399-105,Dunk High Panda,Dunk High,Men,,../static/images/DD1399-105.png
DD1503-001,Dunk Low W easter 2022,Dunk Low Women,Women,,../static/images/DD1503-001.png
DD1503-101,Dunk Low W Panda,Dunk Low Women,Women,,../static/images/DD1503-101.png
DD1503-107,Dunk Low W Sail Light Bone,Dunk Low Women,Women,,../static/images/DD1503-107.png
DD1503-111,Dunk Low W Pink,Dunk Low Women,Women,,../static/images/DD1503-111.png
DD1503-115,Dunk Low W Navy,Dunk Low Women,Women,,../static/images/DD1503-115.png
DD1503-116,Dunk Low W Venice,Dunk Low Women,Women,,../static/images/DD1503-116.png
DD1503-118,Dunk Low W Rose Whisper,Dunk Low Women,Women,,../static/images/DD1503-118.png
DD1503-600,Dunk Low W Lime ice,Dunk Low Women,Women,,../static/images/DD1503-600.png
DD1503-601,Dunk Low W Pink Oxford,Dunk Low Women,Women,,../static/images/DD1503-601.png
DD1525-100,AF1 W,AF1,Men,,../static/images/DD1525-100.png
DD1666-100,GS AJ1 Mid Paint Drip,AJ1 Mid GS,GS,,../static/images/DD1666-100.png
DD1869-103,Dunk High Panda W,Dunk High,Women,,../static/images/DD1869-103.png
DD1869-107,Dunk High Aluminum,Dunk High,Women,,../static/images/DD1869-107.png
DD1869-109,Dunk High Sail Gum,Dunk High,Women,,../static/images/DD1869-109.png
DD1872-100,Dunk Low W Easter Candy,Dunk Low Women,Women,,../static/images/DD1872-100.png
DD3363-100,Dunk low men 75th Chicago,Dunk Low Men,Men,,../static/images/DD3363-100.png
DD9315-100,AJ1 Low Golf UNC,AJ1 Low Men,Men,,../static/images/DD9315-100.png
DD9335-641,W AJ1 High Atmosphere,AJ1 High Women,Women,,../static/images/DD9335-641.png
DH0572-264,AJ4 Wild Things GS,AJ4 GS,GS,,../static/images/DH0572-264.png
DH0573-264,PS AJ4 Wild Thing,PS,PS,,../static/images/DH0573-264.png
DH0690-200,AJ6 Travis Scott British Khaki,Other,Men,,../static/images/DH0690-200.png
DH0957-001,Dunk low men crazy camo,Dunk Low Men,Men,,../static/images/DH0957-001.png
DH3228-100,SB Dunk Low Supreme Stars Hyper Royal,Dunk SB,Men,,../static/images/DH3228-100.png
DH3718-102,Dunk High Sail Light Pink W,Dunk High,Women,,../static/images/DH3718-102.png
DH4401-103,Dunk Low W Pack Orange,Dunk Low Women,Women,,../static/images/DH4401-103.png
DH4401-104,Dunk Low W Pack Barley,Dunk Low Women,Women,,../static/images/DH4401-104.png
DH5348-100,Dunk High Light Chocolate,Dunk High,Men,,../static/images/DH5348-100.png
DH6927-061,AJ4 Infrared,AJ4 Men,Men,,../static/images/DH6927-061.png
DH6927-111,AJ4 Military,AJ4 Men,Men,,../static/images/DH6927-111.png
DH6931-001,AJ1 Low Diamond,AJ1 Low Men,Men,,../static/images/DH6931-001.png
DH6933-100,AJ1 Mid Diamond,AJ1 Mid Men,Men,,../static/images/DH6933-100.png
DH7139-100,AJ3 Muslin,AJ2-3,Men,,../static/images/DH7139-100.png
DH7577-001,Dunk low men Fossil Rose,Dunk Low Men,Men,,../static/images/DH7577-001.png
DH7614-500,Dunk low men Barbo shop,Dunk Low Men,Men,,../static/images/DH7614-500.png
DH7695-600,SB Dunk Low Parra Abstract Art,Dunk SB,Men,,../static/images/DH7695-600.png
DH7742-600,SB Dunk High KCDC,Dunk SB,Men,,../static/images/DH7742-600.png
DH9751-100,Dunk High Purple Navy,Dunk High,GS,,../static/images/DH9751-100.png
DH9756-001,PS Dunk Two Toned Grey,PS,PS,,../static/images/DH9756-001.png
DH9756-301,PS Dunk Chlorophyll,PS,PS,,../static/images/DH9756-301.png
DH9756-600,PS Dunk Triple Pink,PS,PS,,../static/images/DH9756-600.png
DH9764-001,Dunk Low Black White Merallic,Dunk low GS,GS,,../static/images/DH9764-001.png
DH9765-001,Dunk low GS Two Tone Grey,Dunk low GS,GS,,../static/images/DH9765-001.png
DH9765-100,Dunk low GS White Pink,Dunk low GS,GS,,../static/images/DH9765-100.png
DH9765-101,Dunk low GS Hot Curry Game Royal,Dunk low GS,GS,,../static/images/DH9765-101.png
DH9765-301,Dunk Low GS Chlorophyll,Dunk low GS,GS,,../static/images/DH9765-301.png
DH9765-600,Dunk Low GS Triple Pink,Dunk low GS,GS,,../static/images/DH9765-600.png
DJ0341-100,GS AJ1 Low Vivid Green,AJ1 Low GS,GS,,../static/images/DJ0341-100.png
DJ0606-400,SB Dunk Low Barcelona,Dunk SB,Men,,../static/images/DJ0606-400.png
DJ0950-110,Dunk Low Off-White Lot 13,Dunk SB,Men,,../static/images/DJ0950-110.png
DJ0950-119,Dunk Low Off-White Lot 19,Dunk SB,Men,,../static/images/DJ0950-119.png
DJ1173-600,Dunk Mid Strawberry Milk,Other,Men,,../static/images/DJ1173-600.png
DJ4699-100,AJ4 Oreo GS,AJ4 GS,GS,,../static/images/DJ4699-100.png
DJ5982-015,AJ13 Count Purple,AJ13,Men,,../static/images/DJ5982-015.png
DJ6188-200,Dunk low men Judge Grey,Dunk Low Men,Men,,../static/images/DJ6188-200.png
DJ6188-300,Dunk low men Chlorophyll,Dunk Low Men,Men,,../static/images/DJ6188-300.png
DJ6249-200,AJ4 Taupe Haze GS,AJ4 GS,GS,,../static/images/DJ6249-200.png
DJ9955-101,Dunk Low W Reverse UNC,Dunk Low Women,Women,,../static/images/DJ9955-101.png
DJ9955-800,Dunk Low W Patent Halloween,Dunk Low Women,Women,,../static/images/DJ9955-800.png
DM0583-800,Dunk low men Sun Club Arctic Orange,Dunk Low Men,Men,,../static/images/DM0583-800.png
DM0807-300,SB Dunk Low Green Apple,Dunk SB,Men,,../static/images/DM0807-300.png
DM0966-105,PS AJ3 Dark Iris,PS,PS,,../static/images/DM0966-105.png
DM0967-160,AJ3 Fire Red GS,AJ2-3,GS,,../static/images/DM0967-160.png
DM0968-105,TD AJ3 Dark Iris,TD,TD,,../static/images/DM0968-105.png
DM0968-160,TD AJ3 Fire Red,TD,TD,,../static/images/DM0968-160.png
DM1051-400,Dunk Low GS Graffiti Navy,Dunk low GS,GS,,../static/images/DM1051-400.png
DM1199-100,AJ1 Low Tie-Dye,AJ1 Low Men,Men,,../static/images/DM1199-100.png
DM1200-001,AJ1 Mid Zen Master,AJ1 Mid Men,Men,,../static/images/DM1200-001.png
DM1602-100,Dunk Low Off-White Lot 21,Dunk SB,Men,,../static/images/DM1602-100.png
DM1602-106,Dunk Low Off-White Lot 8,Need clean,Men,,../static/images/DM1602-106.png
DM1602-122,Dunk Low Off-White Lot 30,Dunk SB,Men,,../static/images/DM1602-122.png
DM7866-140,AJ1 Low Travis Scott Fragment,Other,Men,,../static/images/DM7866-140.png
DM7866-162,AJ1 Low Travis Scott Reverse Mocha,Other,Men,,../static/images/DM7866-162.png
DM9014-003,AJ5 Green Bean,AJ5-6 Men,Men,,../static/images/DM9014-003.png
DM9037-100,GS AJ1 Low Light Bordeuax,AJ1 Low GS,GS,,../static/images/DM9037-100.png
DM9126-104,W AJ1 Mid SE Sanddrift,AJ1 Mid/Low Women,Women,,../static/images/DM9126-104.png
DM9467-500,Dunk Low W purple Pulse,Dunk Low Women,Women,,../static/images/DM9467-500.png
DN1431-103,Dunk Low W Nature Lilac,Dunk Low Women,Women,,../static/images/DN1431-103.png
DN2489-300,Dunk Low men NY,Dunk Low Men,Men,,../static/images/DN2489-300.png
DN3707-160,AJ3 Fire Red,AJ2-3,Men,,../static/images/DN3707-160.png
DN3866-100,Dunk Low W Safari Mix,Dunk Low Women,Women,,../static/images/DN3866-100.png
DN4281-100,AJ1 Mid Coconut,AJ1 Mid Men,Men,,../static/images/DN4281-100.png
DN4321-100,GS AJ1 Mid Diamond,AJ1 Mid GS,GS,,../static/images/DN4321-100.png
DN4346-100,GS AJ1 Mid Coconut,AJ1 Mid GS,GS,,../static/images/DN4346-100.png
DO3806-100,Dunk Low GS Halloween,Dunk low GS,GS,,../static/images/DO3806-100.png
DO5254-180,AJ2 Maison Chateau Rouge,AJ2-3,Men,,../static/images/DO5254-180.png
DO5882-001,Dunk Low W metalic silver,Dunk Low Women,Women,,../static/images/DO5882-001.png
DO6288-001,Dunk Low GS 75th Brookly Nets,Dunk low GS,GS,,../static/images/DO6288-001.png
DO6288-100,Dunk Low GS 75th Chicago,Dunk low GS,GS,,../static/images/DO6288-100.png
DO6485-600,Dunk Low GS Pink Valvet,Dunk low GS,GS,,../static/images/DO6485-600.png
DO7139-002,W AJ1 Mid SE Particle Grey,AJ1 Mid/Low Women,Women,,../static/images/DO7139-002.png
DO9406-200,AJ14 Winterized,AJ14,Men,,../static/images/DO9406-200.png
DO9458-101,Dunk Low W neptune green,Dunk Low Women,Women,,../static/images/DO9458-101.png
DQ0265-100,Dunk Low W sun club multi,Dunk Low Women,Women,,../static/images/DQ0265-100.png
DQ0558-160,AJ2 Nina Chanel W,AJ2-3,Women,,../static/images/DQ0558-160.png
DQ4040-400,SB Dunk Low Philadelphia Phillies,Dunk SB,Men,,../static/images/DQ4040-400.png
DQ4697-800,Dunk Low W bronze eclipse,Dunk Low Women,Women,,../static/images/DQ4697-800.png
DR0165-001,Dunk Low GS Blue Black,Dunk low GS,GS,,../static/images/DR0165-001.png
DR7305-100,SB Dunk Low Doernbecher Zoe,Dunk SB,Men,,../static/images/DR7305-100.png
DR8577-300,Dunk Low men Snakeskin,Dunk Low Men,Men,,../static/images/DR8577-300.png
DR9654-100,Dunk low men Lottory Pack,Dunk Low Men,Men,,../static/images/DR9654-100.png
DV2185-100,Dunk High Blue Satin W,Dunk High,Women,,../static/images/DV2185-100.png
DX1419-300,AF1 OffWhite Brooklyn,Other,Men,,../static/images/DX1419-300.png
DX2462-100,GS AJ1 Mid Stitch,AJ1 Mid GS,GS,,../static/images/DX2462-100.png
DX3364-100,PS Dunk Nike 101,PS,PS,,../static/images/DX3364-100.png
DZ4454-500,Dunk High Lakers,Dunk High,GS,,../static/images/DZ4454-500.png
DZ4456-100,Dunk Low GS Blueberry,Dunk low GS,GS,,../static/images/DZ4456-100.png
EG7491,Yeezy 350 Hyperspace,Yeezy 350,Yeezy350,,../static/images/EG7491.png
EG7596,Yeezy 700 Analog,Yeezy 500-700,Yeezy350,,../static/images/EG7596.png
FW4980,Yeezy 700 Azael,Yeezy 500-700,Yeezy350,,../static/images/FW4980.png
FX9035,Yeezy 350 Desert Sage,Yeezy 350,Yeezy350,,../static/images/FX9035.png
FY4567,Yeezy RNNR white Sand,Yeezy RNNR,Slide/RNNR,,../static/images/FY4567.png
FZ1267,Yeezy 350 Zyon,Yeezy 350,Yeezy350,,../static/images/FZ1267.png
FZ5000,Yeezy 350 Carbon,Yeezy 350,Yeezy350,,../static/images/FZ5000.png
FZ5896,Slide Flax,Yeezy Slide,Slide/RNNR,,../static/images/FZ5896.png
FZ5897,Slide bone,Yeezy Slide,Slide/RNNR,,../static/images/FZ5897.png
GV6774,Yeezy RNNR mist,Yeezy RNNR,Slide/RNNR,,../static/images/GV6774.png
GV6775,Yeezy RNNR sulfur,Yeezy RNNR,Slide/RNNR,,../static/images/GV6775.png
GV6843,Yeezy RNNR desert,Yeezy RNNR,Slide/RNNR,,../static/images/GV6843.png
GW0296,Yeezy 700 Wash Orange,Yeezy 500-700,Yeezy350,,../static/images/GW0296.png
GW1229,Yeezy 350 Beluga,Yeezy 350,Yeezy350,,../static/images/GW1229.png
GW1931,Slide ochre,Yeezy Slide,Slide/RNNR,,../static/images/GW1931.png
GW1934,Slide Pure,Yeezy Slide,Slide/RNNR,,../static/images/GW1934.png
GW2869,Yeezy 350 Mono Ice,Yeezy 350,Yeezy350,,../static/images/GW2869.png
GW2870,Yeezy 350 Mono Clay,Yeezy 350,Yeezy350,,../static/images/GW2870.png
GW3354,Yeezy RNNR ochre,Yeezy RNNR,Slide/RNNR,,../static/images/GW3354.png
GW3773,Yeezy 350 MX Oat,Yeezy 350,Yeezy350,,../static/images/GW3773.png
GW3774,Yeezy 350 MX Rock,Yeezy 350,Yeezy350,,../static/images/GW3774.png
GW3775,PS Yeezy 350 MX Rock,PS,PS,,../static/images/GW3775.png
GW3776,TD Yeezy 350 MX Rock,TD,TD,,../static/images/GW3776.png
GW6373,Yeezy 500 Granite,Yeezy 500-700,Yeezy350,,../static/images/GW6373.png
GX3606,Yeezy 500 Clay Brown,Yeezy 500-700,Yeezy350,,../static/images/GX3606.png
GX3791,Yeezy 350 Mono Cinder,Yeezy 350,Yeezy350,,../static/images/GX3791.png
GX4472,Yeezy RNNR Stone,Yeezy RNNR,Slide/RNNR,,../static/images/GX4472.png
GX6138,Slide Glw green,Yeezy Slide,Slide/RNNR,,../static/images/GX6138.png
GX9662,Yeezy 450 Cinder,Yeezy 380 450,Yeezy350,,../static/images/GX9662.png
GY0260,Yeezy 700 Kyanite,Yeezy 500-700,Yeezy350,,../static/images/GY0260.png
GY1759,Yeezy Knit,Yeezy Knit,Yeezy350,,../static/images/GY1759.png
GY3438,Yeezy 350 Light,Yeezy 350,Yeezy350,,../static/images/GY3438.png
GY3969,Yeezy RNNR sand,Yeezy RNNR,Slide/RNNR,,../static/images/GY3969.png
GY5368,Yeezy 450 Dark Slate,Yeezy 380 450,Yeezy350,,../static/images/GY5368.png
GY7164,Yeezy 350 Dazzling Blue,Yeezy 350,Yeezy350,,../static/images/GY7164.png
GZ0454,Yeezy 380 Covellite,Yeezy 380 450,Yeezy350,,../static/images/GZ0454.png
GZ5551,Slide Resin,Yeezy Slide,Slide/RNNR,,../static/images/GZ5551.png
HO3665,Yeezy 450 Utility,Yeezy 380 450,Yeezy350,,../static/images/HO3665.png
HP5348,PS RNNR sulfur,PS,PS,,../static/images/HP5348.png
HP5349,PS RNNR sulfur,PS,PS,,../static/images/HP5349.png
HP5425,Yeezy 700 Mono Safflower,Yeezy 500-700,Yeezy350,,../static/images/HP5425.png
HP5426,Yeezy 450 Sulfur,Yeezy 380 450,Yeezy350,,../static/images/HP5426.png
HP7870,Yeezy 350 Slate,Yeezy 350,Yeezy350,,../static/images/HP7870.png
HP8739,Yeezy RNNR Oynx,Yeezy RNNR,Slide/RNNR,,../static/images/HP8739.png
HQ6316,Yeezy 350 Bone,Yeezy 350,Yeezy350,,../static/images/HQ6316.png
HQ6447,Slide Glw green,Yeezy Slide,Slide/RNNR,,../static/images/HQ6447.png
HQ6448,Slide oynx,Yeezy Slide,Slide/RNNR,,../static/images/HQ6448.png
HQ6979,Yeezy 700 Hi Res Red,Yeezy 500-700,Yeezy350,,../static/images/HQ6979.png
IG9562,Yeezy RNNR Carbon,Yeezy RNNR,Slide/RNNR,,../static/images/IG9562.png
